Name,Code,Email
jason,45453,Jason@email.com.au
jason,45453,Jason@email.com.au
jason,45453,Jason@email.com.au
jason,45453,Jason@email.com.au
jason,45453,Jason@email.com.au
jason,45453,Jason@email.com.au
jason,45453,Jason@email.com.au
jason,45453,Jason@email.com.au
jason,45453,Jason@email.com.au
jason,45453,Jason@email.com.au
jason,45453,Jason@email.com.au
jason,45453,Jason@email.com.au
jason,45453,Jason@email.com.au
jason,45453,Jason@email.com.au
jason,45453,Jason@email.com.au
jason,45453,Jason@email.com.au
jason,45453,Jason@email.com.au
jason,45453,Jason@email.com.au
jason,45453,Jason@email.com.au
jason,45453,Jason@email.com.au
jason,45453,Jason@email.com.au
jason,45453,Jason@email.com.au
jason,45453,Jason@email.com.au
jason,45453,Jason@email.com.au
jason,45453,Jason@email.com.au
jason,45453,Jason@email.com.au
jason,45453,Jason@email.com.au
jason,45453,Jason@email.com.au
jason,45453,Jason@email.com.au
jason,45453,Jason@email.com.au
jason,45453,Jason@email.com.au
jason,45453,Jason@email.com.au
jason,45453,Jason@email.com.au
jason,45453,Jason@email.com.au
jason,45453,Jason@email.com.au
jason,45453,Jason@email.com.au
jason,45453,Jason@email.com.au
