"jason ",45453,jason@tws.exports.com,Vic
"jason ",45453,jason@tws.exports.com,Vic
"jason ",45453,jason@tws.exports.com,Vic
"jason ",45453,jason@tws.exports.com,Vic
"jason ",45453,jason@tws.exports.com,Vic
"jason ",45453,jason@tws.exports.com,Vic
"jason ",45453,jason@tws.exports.com,Vic
"jason ",45453,jason@tws.exports.com,Vic
"jason ",45453,jason@tws.exports.com,Vic
"jason ",45453,jason@tws.exports.com,Vic
"jason ",45453,jason@tws.exports.com,Vic
"jason ",45453,jason@tws.exports.com,Vic
"jason ",45453,jason@tws.exports.com,Vic
"jason ",45453,jason@tws.exports.com,Vic
"jason ",45453,jason@tws.exports.com,Vic
"jason ",45453,jason@tws.exports.com,Vic
"jason ",45453,jason@tws.exports.com,Vic
"jason ",45453,jason@tws.exports.com,Vic
"jason ",45453,jason@tws.exports.com,Vic
"jason ",45453,jason@tws.exports.com,Vic
"jason ",45453,jason@tws.exports.com,Vic
"jason ",45453,jason@tws.exports.com,Vic
"jason ",45453,jason@tws.exports.com,Vic
"jason ",45453,jason@tws.exports.com,Vic
"jason ",45453,jason@tws.exports.com,Vic
"jason ",45453,jason@tws.exports.com,Vic
"jason ",45453,jason@tws.exports.com,Vic
"jason ",45453,jason@tws.exports.com,Vic
"jason ",45453,jason@tws.exports.com,Vic
"jason ",45453,jason@tws.exports.com,Vic
"jason ",45453,jason@tws.exports.com,Vic
"jason ",45453,jason@tws.exports.com,Vic
"jason ",45453,jason@tws.exports.com,Vic
"jason ",45453,jason@tws.exports.com,Vic
"jason ",45453,jason@tws.exports.com,Vic
"jason ",45453,jason@tws.exports.com,Vic
"jason ",45453,jason@tws.exports.com,Vic
"jason ",45453,jason@tws.exports.com,Vic
