"jason ",45453,jason@tws.exports.com,Vic,country
"jason ",45453,jason@tws.exports.com,Vic,country
"jason ",45453,jason@tws.exports.com,Vic,country
"jason ",45453,jason@tws.exports.com,Vic,country
"jason ",45453,jason@tws.exports.com,Vic,country
"jason ",45453,jason@tws.exports.com,Vic,country
"jason ",45453,jason@tws.exports.com,Vic,country
"jason ",45453,jason@tws.exports.com,Vic,country
"jason ",45453,jason@tws.exports.com,Vic,country
"jason ",45453,jason@tws.exports.com,Vic,country
"jason ",45453,jason@tws.exports.com,Vic,country
"jason ",45453,jason@tws.exports.com,Vic,country
"jason ",45453,jason@tws.exports.com,Vic,country
"jason ",45453,jason@tws.exports.com,Vic,country
"jason ",45453,jason@tws.exports.com,Vic,country
"jason ",45453,jason@tws.exports.com,Vic,country
"jason ",45453,jason@tws.exports.com,Vic,country
"jason ",45453,jason@tws.exports.com,Vic,country
"jason ",45453,jason@tws.exports.com,Vic,country
"jason ",45453,jason@tws.exports.com,Vic,country
"jason ",45453,jason@tws.exports.com,Vic,country
"jason ",45453,jason@tws.exports.com,Vic,country
"jason ",45453,jason@tws.exports.com,Vic,country
"jason ",45453,jason@tws.exports.com,Vic,country
"jason ",45453,jason@tws.exports.com,Vic,country
"jason ",45453,jason@tws.exports.com,Vic,country
"jason ",45453,jason@tws.exports.com,Vic,country
"jason ",45453,jason@tws.exports.com,Vic,country
"jason ",45453,jason@tws.exports.com,Vic,country
"jason ",45453,jason@tws.exports.com,Vic,country
"jason ",45453,jason@tws.exports.com,Vic,country
"jason ",45453,jason@tws.exports.com,Vic,country
"jason ",45453,jason@tws.exports.com,Vic,country
"jason ",45453,jason@tws.exports.com,Vic,country
"jason ",45453,jason@tws.exports.com,Vic,country
"jason ",45453,jason@tws.exports.com,Vic,country
"jason ",45453,jason@tws.exports.com,Vic,country
"jason ",45453,jason@tws.exports.com,Vic,country
